t,x_model,y_model
6.0,59.64483725223157,45.79134204664212
6.036024016010674,59.67759369098415,45.80646833399931
6.072048032021348,59.71041235426644,45.82147753310358
6.108072048032021,59.74329321810577,45.83636968906441
6.144096064042695,59.77623625118718,45.85114486080735
6.180120080053369,59.80924141484592,45.865803121088085
6.216144096064043,59.84230866306088,45.88034455650481
6.252168112074717,59.87543794244879,45.89476926750909
6.28819212808539,59.908629192259376,45.90907736841509
6.324216144096064,59.94188234437128,45.923268987407155
6.360240160106738,59.97519732328891,45.937344266545786
6.396264176117412,60.00857404614008,45.95130336177201
6.432288192128086,60.04201242267462,45.965146442910154
6.468312208138759,60.07551235526369,45.97887369366888
6.504336224149433,60.10907373890017,45.99248531164075
6.540360240160107,60.1426964611997,46.00598150830003
6.576384256170781,60.17638040240274,46.019362508998924
6.6124082721814545,60.210125435377456,46.03262855296215
6.648432288192128,60.24393142562343,46.04577989327989
6.684456304202802,60.27779823127633,46.0588167968991
6.7204803202134755,60.31172570311335,46.07173954461316
6.7565043362241495,60.34571368455963,46.08454843104989
6.792528352234823,60.37976201169544,46.09724376465797
6.8285523682454965,60.41387051326434,46.109825867691626
6.8645763842561704,60.44803901068214,46.12229507619375
6.900600400266844,60.48226731804675,46.134651739977365
6.936624416277518,60.51655524214896,46.146896222605356
6.972648432288192,60.550902582484,46.159028901368686
7.008672448298865,60.58530913126404,46.17105016726289
7.044696464309539,60.61977467343158,46.18296042496292
7.080720480320213,60.65429898667362,46.19476009279639
7.116744496330887,60.68888184143684,46.206449602715125
7.152768512341561,60.7235230009435,46.2180294002651
7.188792528352234,60.75822222120838,46.22949994455475
7.224816544362908,60.79297925105642,46.24086170822159
7.260840560373582,60.82779383214139,46.252115177397215
7.296864576384256,60.862665698965294,46.2632608516707
7.33288859239493,60.897594578898754,46.274299244050326
7.368912608405603,60.93258019220218,46.28523088092365
7.404936624416278,60.967622252047875,46.296056302016005
7.440960640426951,61.002720464542946,46.306776060347325
7.476984656437625,61.03787452875311,46.31739072218737
7.513008672448299,61.073084136727374,46.32790086700926
7.549032688458972,61.10834897352357,46.33830708744152
7.585056704469647,61.14366871723469,46.34860998921836
7.62108072048032,61.17904303901621,46.35881019112843
7.657104736490994,61.21447160311412,46.368908324961936
7.693128752501668,61.24995406689392,46.378905035456185
7.729152768512341,61.285490080870424,46.38880098023946
7.765176784523016,61.32107928873842,46.39859682977332
7.801200800533689,61.35672132740414,46.40829326729336
7.837224816544363,61.39241582701766,46.417890988748304
7.873248832555037,61.42816241100606,46.427390702737554
7.909272848565711,61.46396069610749,46.43679313044714
7.945296864576385,61.499810292405996,46.446099005584145
7.981320880587058,61.53571080336726,46.45530907430943
8.01734489659773,61.57166182587512,46.464424095169015
8.053368912608406,61.60766295026894,46.47344483902363
8.089392928619079,61.64371376038181,46.482372088976945
8.125416944629754,61.67981383357953,46.491206640302124
8.161440960640427,61.71596274080049,46.49994930036688
8.197464976651101,61.75216004659626,46.50860088855699
8.233488992661774,61.78840530917309,46.51716223619828
8.269513008672448,61.82469808043416,46.5256341864771
8.305537024683122,61.86103790602265,46.53401759435927
8.341561040693795,61.89742432536563,46.54231332650752
8.377585056704469,61.93385687171869,46.55052226119743
8.413609072715143,61.970335072211455,46.55864528823193
8.449633088725816,62.006858447893784,46.56668330885421
8.485657104736491,62.04342651378284,46.57463723565925
8.521681120747164,62.080038778910875,46.582507992503864
8.55770513675784,62.11669474637385,46.59029651441524
8.593729152768512,62.15339391338077,46.59800374749803
8.629753168779185,62.190135771303815,46.605630648840126
8.66577718478986,62.22691980572926,46.61317818641678
8.701801200800533,62.26374549650906,46.620647338993535
8.737825216811206,62.300612317813304,46.628039096027535
8.773849232821881,62.337519738183325,46.63535445756758
8.809873248832556,62.3744672205856,46.64259443415272
8.845897264843229,62.411454222466375,46.64976004670946
8.881921280853902,62.44848019580701,46.65685232644761
8.917945296864577,62.485544587180044,46.66387231475477
8.95396931287525,62.522646837806036,46.67082106308941
8.989993328885923,62.55978638361105,46.677699632872695
9.026017344896598,62.59696265528487,46.684509095378885
9.062041360907271,62.63417507833994,46.69125053162449
9.098065376917944,62.67142307317103,46.69792503225602
9.134089392928619,62.70870605511545,46.70453369743656
9.170113408939294,62.74602343451416,46.71107763673092
9.206137424949967,62.78337461677337,46.717557968989595
9.24216144096064,62.82075900242696,46.723975822231445
9.278185456971315,62.85817598719946,46.73033233352506
9.314209472981988,62.895624962069725,46.73662864886901
9.35023348899266,62.9331053133353,46.74286592307069
9.386257505003336,62.97061642267738,46.749045319624145
9.422281521014009,63.008157667226456,46.755168010586466
9.458305537024682,63.04572841962856,46.76123517645324
9.494329553035357,63.08332804811214,46.767248006032574
9.530353569046031,63.12095591655559,46.77320769631815
9.566377585056705,63.15861138455532,46.77911545236102
9.602401601067378,63.196293807494555,46.78497248714027
9.638425617078052,63.23400253661262,46.790780021432596
9.674449633088726,63.271736919074826,46.79653928368072
9.710473649099399,63.309496298043015,46.802251509860774
9.746497665110073,63.34728001274664,46.807917943348485
9.782521681120746,63.38508739855436,46.81353983478439
9.818545697131421,63.42291778704634,46.81911844193799
9.854569713142094,63.4607705060869,46.82465502957076
9.89059372915277,63.49864487989794,46.830150869298265
9.926617745163442,63.5365402291327,46.835607239451136
9.962641761174115,63.5744558709502,46.841025424935175
9.99866577718479,63.61239111909012,46.84640671709034
10.034689793195463,63.65034528394822,46.851752413548866
10.070713809206136,63.68831767265227,46.857063818092385
10.106737825216811,63.726307589138486,46.862342240508106
10.142761841227486,63.764314334228416,46.86758899644409
10.178785857238157,63.80233720570639,46.87280540726359
10.214809873248832,63.840375498397336,46.87799279989857
10.250833889259507,63.87842850424518,46.88315250670218
10.28685790527018,63.91649551239157,46.888285865300645
10.322881921280853,63.954575809255196,46.89339421844399
10.358905937291528,63.99266867861143,46.898478913856195
10.394929953302201,64.03077340167245,46.903541304084406
10.430953969312874,64.06888925716777,46.908582746347406
10.466977985323549,64.10701552142523,46.913604602383245
10.503002001334224,64.14515146845231,46.918608238296166
10.539026017344895,64.18329637001791,46.923595024402815
10.57505003335557,64.2214494957345,46.92856633507759
10.611074049366245,64.25961011314061,46.93352354859743
10.647098065376918,64.29777748778369,46.93846804698583
10.683122081387591,64.33595088330347,46.943401215856184
10.719146097398266,64.37412956151543,46.94832444425448
10.755170113408939,64.41231278249481,46.95323912450137
10.791194129419612,64.45049980466088,46.958146652033584
10.827218145430287,64.48868988486147,46.96304842524474
10.863242161440962,64.52688227845798,46.96794584532562
10.899266177451633,64.56507623941046,46.97284031610378
10.935290193462308,64.60327102036325,46.977733243882675
10.971314209472983,64.64146587273069,46.98262603728026
11.007338225483656,64.67966004678311,46.987520107067034
11.043362241494329,64.71785279173336,46.99241686600357
11.079386257505003,64.75604335582317,46.99731772867762
11.115410273515677,64.79423098641013,47.002224111340766
11.15143428952635,64.83241493005467,47.00713743174451
11.187458305537024,64.87059443260739,47.01205910897609
11.2234823215477,64.90876873929655,47.0169905632938
11.25950633755837,64.94693709481578,47.02193321596197
11.295530353569045,64.98509874341198,47.0268884890855
11.33155436957972,65.02325292897343,47.03185780544414
11.367578385590393,65.06139889511803,47.036842588326415
11.403602401601066,65.09953588528177,47.04184426136316
11.439626417611741,65.13766314280726,47.04686424836086
11.475650433622414,65.17577991103254,47.051903973134685
11.511674449633087,65.21388543337989,47.05696485934125
11.547698465643762,65.25197895344482,47.06204833031116
11.583722481654437,65.29005971508526,47.067155808881324
11.61974649766511,65.32812696251067,47.0722887172271
11.655770513675783,65.3661799403714,47.07744847669423
11.691794529686458,65.40421789384806,47.08263650763067
11.727818545697131,65.44224006874101,47.08785422921816
11.763842561707804,65.4802457115599,47.09310305930387
11.799866577718479,65.51823406961317,47.09838441423175
11.835890593729152,65.55620439109776,47.10369970867395
11.871914609739825,65.5941559251887,47.10905035546207
11.9079386257505,65.63208792212882,47.114437765418444
11.943962641761175,65.66999963331844,47.11986334718741
11.979986657771848,65.70789031140504,47.12532850706649
12.016010673782521,65.74575921037288,47.130834648837684
12.052034689793196,65.78360558563278,47.136383173598766
12.088058705803869,65.82142869411163,47.14197547959463
12.124082721814542,65.85922779434202,47.14761296204875
12.160106737825217,65.89700214655176,47.153297012994685
12.19613075383589,65.9347510127533,47.159029021107784
12.232154769846563,65.9724736568332,47.16481037153692
12.268178785857238,66.0101693446414,47.1706424457365
12.304202801867913,66.04783734408039,47.176526621298535
12.340226817878586,66.08547692519437,47.18246427178506
12.376250833889259,66.12308736025822,47.188456766560584
12.412274849899934,66.16066792386634,47.19450547062496
12.448298865910607,66.1982178930214,47.2006117444464
12.48432288192128,66.2357365472229,47.20677694379479
12.520346897931955,66.27322316855559,47.21300241957538
12.556370913942628,66.31067704177772,47.21928951766264
12.5923949299533,66.34809745440911,47.225639578734594
12.628418945963976,66.38548369681901,47.232053938107484
12.66444296197465,66.4228350623138,47.23853392557075
12.700466977985323,66.4601508472244,47.245080865222484
12.736490993995996,66.49743035099357,47.25169607530524
12.772515010006671,66.5346728762629,47.25838086804236
12.808539026017344,66.57187772895955,47.26513654947467
12.844563042028017,66.60904421838276,47.2719644192977
12.880587058038692,66.64617165729013,47.278865770699426
12.916611074049365,66.68325936198353,47.28584189019848
12.952635090060038,66.72030665239487,47.29289405748294
12.988659106070713,66.75731285217138,47.30002354524962
13.024683122081388,66.79427728876077,47.30723161904406
13.060707138092061,66.83119929349594,47.31451953710091
13.096731154102734,66.86807820167945,47.32188855018515
13.132755170113409,66.9049133526676,47.32933990143382
13.168779186124082,66.94170408995417,47.3368748261984
13.204803202134755,66.97844976125384,47.344494551887934
13.24082721814543,67.01514971858515,47.352200297812814
13.276851234156105,67.0518033183532,47.35999327502925
13.312875250166776,67.08840992143186,47.36787468618451
13.348899266177451,67.12496889324564,47.37584572536293
13.384923282188126,67.16147960385113,47.383907577932646
13.420947298198799,67.19794142801798,47.392061420393134
13.456971314209472,67.23435374530956,47.40030842022359
13.492995330220147,67.27071594016303,47.4086497357321
13.52901934623082,67.30702740196907,47.41708651590569
13.565043362241493,67.34328752515114,47.42561990026121
13.601067378252168,67.37949570924422,47.43425101869716
13.637091394262843,67.41565135897305,47.44298099134633
13.673115410273514,67.45175388433002,47.45181092842947
13.709139426284189,67.48780270065237,47.460741930109805
13.745163442294864,67.523797228699,47.4697750863486
13.781187458305537,67.55973689472677,47.47891147676162
13.81721147431621,67.59562113056617,47.488152170476646
13.853235490326885,67.63144937369658,47.497498225992025
13.889259506337558,67.66722106732081,47.50695069103612
13.92528352234823,67.7029356604393,47.516510602428
13.961307538358906,67.73859260792354,47.52617898593909
13.99733155436958,67.77419137058905,47.535956856155885
14.033355570380253,67.80973141526773,47.545845216343864
14.069379586390927,67.8452122148796,47.555845058312435
14.105403602401601,67.88063324850391,47.565957362281104
14.141427618412274,67.91599400144977,47.5761830967467
14.177451634422948,67.95129396532596,47.58652321835192
14.213475650433622,67.9865326381102,47.59697867175489
14.249499666444295,68.02170952421785,47.607550389500084
14.28552368245497,68.05682413456984,47.618239291890404
14.321547698465643,68.09187598665996,47.62904628686051
14.357571714476316,68.12686460462155,47.6399722698514
14.393595730486991,68.16178951929346,47.651018123686306
14.429619746497664,68.19665026828531,47.66218471844787
14.46564376250834,68.23144639604209,47.67347291135656
14.501667778519012,68.26617745390797,47.68488354665054
14.537691794529685,68.30084300018962,47.696417455466765
14.57371581054036,68.33544260021847,47.708075455723524
14.609739826551033,68.36997582641253,47.71985835200427
14.645763842561708,68.40444225833734,47.73176693544295
14.681787858572381,68.43884148276621,47.74380198361061
14.717811874583054,68.47317309373962,47.75596426040354
14.753835890593729,68.50743669262403,47.76825451593279
14.789859906604402,68.54163188816975,47.78067348641514
14.825883922615077,68.57575829656808,47.79322189406556
14.86190793862575,68.60981554150777,47.80590044699115
14.897931954636423,68.64380325423049,47.818709839086544
14.933955970647098,68.67772107358564,47.831650749930866
14.969979986657771,68.71156864608433,47.84472384468618
15.006004002668446,68.74534562595251,47.85792977399751
15.042028018679119,68.77905167518328,47.87126917389438
15.078052034689792,68.81268646358835,47.884742665693935
15.114076050700467,68.84624966884877,47.898350855905655
15.15010006671114,68.87974097656459,47.91209433613764
15.186124082721815,68.91316008030394,47.92597368300455
15.222148098732488,68.94650668165102,47.93998945803707
15.25817211474316,68.97978049025332,47.95414220759316
15.294196130753836,69.01298122386802,47.968432462770785
15.330220146764509,69.04610860840738,47.982860739322426
15.366244162775184,69.0791623779833,47.99742753757122
15.402268178785857,69.11214227495101,48.01213334232876
15.43829219479653,69.14504804995187,48.02697862281468
15.474316210807205,69.17787946195516,48.04196383257782
15.510340226817878,69.21063627829908,48.057089409419234
15.546364242828552,69.24331827473075,48.072355775316844
15.582388258839226,69.27592523544531,48.087763336351905
15.618412274849899,69.30845695312408,48.10331248263717
15.654436290860573,69.34091322897176,48.11900358824685
15.690460306871246,69.37329387275277,48.13483701114835
15.726484322881921,69.40559870282652,48.15081309313578
15.762508338892594,69.43782754618182,48.16693215976531
15.798532354903267,69.46998023847028,48.18319452029225
15.834556370913942,69.50205662403874,48.199600467610026
15.870580386924615,69.53405655596075,48.216150278190966
15.90660440293529,69.56597989606709,48.2328442120289
15.942628418945963,69.59782651497525,48.24968251258362
15.978652434956636,69.629596292118,48.26666540672721
16.01467645096731,69.66128911577083,48.28379310469227
16.050700466977986,69.6929048830786,48.301065800021924
16.086724482988657,69.72444350008101,48.31848366952178
16.122748498999332,69.75590488173715,48.336046873213846
16.158772515010007,69.78728895194902,48.353755554292164
16.19479653102068,69.81859564358399,48.37160983908054
16.230820547031353,69.84982489849637,48.38960983699211
16.266844563042028,69.88097666754778,48.4077556404908
16.3028685790527,69.91205091062666,48.426047325054775
16.338892595063374,69.94304759666662,48.44448494914184
16.37491661107405,69.97396670366386,48.46306855415667
16.41094062708472,70.00480821869344,48.48179816442019
16.4469646430954,70.03557213792465,48.50067378714071
16.48298865910607,70.06625846663515,48.519695412387165
16.51901267511674,70.09686721922426,48.53886301306428
16.55503669112742,70.12739841922512,48.558176544889704
16.59106070713809,70.15785209931562,48.57763594637314
16.627084723148766,70.18822830132865,48.59724113879748
16.66310873915944,70.2185270762609,48.61699202620192
16.699132755170112,70.2487484842809,48.63688849536702
16.735156771180787,70.27889259473575,48.65693041580191
16.77118078719146,70.308959486157,48.67711763973337
16.807204803202133,70.33894924626529,48.69745000209695
16.843228819212808,70.368861971974,48.71792732053018
16.879252835223483,70.39869776939184,48.738549395367706
16.915276851234154,70.42845675382429,48.75931600963852
16.95130086724483,70.45813904977408,48.78022692906519
16.987324883255503,70.4877447909404,48.801281902065135
17.023348899266175,70.51727412021725,48.82248065975388
17.059372915276853,70.5467271896906,48.843822915950454
17.095396931287524,70.57610416063437,48.86530836718473
17.131420947298196,70.60540520350555,48.88693669270685
17.167444963308874,70.63463049793805,48.908707554498704
17.203468979319545,70.66378023273548,48.93062059728739
17.23949299533022,70.69285460586295,48.95267544856084
17.275517011340895,70.7218538244377,48.97487171858538
17.311541027351566,70.75077810471863,48.997209000425386
17.34756504336224,70.77962767209482,49.01968686996499
17.383589059372916,70.8084027610728,49.04230488593185
17.419613075383587,70.83710361526296,49.06506258992293
17.455637091394262,70.86573048736467,49.08795950643239
17.491661107404937,70.8942836391504,49.11099514288147
17.52768512341561,70.92276334144876,49.13416898965043
17.563709139426283,70.95116987412636,49.15748052011264
17.599733155436958,70.97950352606878,49.180929190670525
17.63575717144763,71.00776459516014,49.204514440793766
17.671781187458304,71.03595338826193,49.228235693059396
17.70780520346898,71.06407022119046,49.252092353194044
17.74382921947965,71.09211541869341,49.2760838101181
17.77985323549033,71.12008931442524,49.30020943599213
17.815877251501,71.14799225092148,49.32446858626504
17.85190126751167,71.17582457957197,49.348860599724546
17.88792528352235,71.20358666059306,49.373384798549516
17.92394929953302,71.23127886299862,49.39804048836442
17.959973315543696,71.2589015645701,49.42282695829575
17.99599733155437,71.28645515182545,49.4477434810305
18.032021347565042,71.31394001998692,49.472789312876664
18.068045363575717,71.3413565729479,49.49796369382575
18.10406937958639,71.36870522323862,49.52326584761729
18.140093395597063,71.39598639199079,49.54869498180533
18.176117411607738,71.42320050890116,49.57425028782704
18.212141427618413,71.45034801219408,49.599930941073154
18.248165443629084,71.47742934858294,49.62573610096052
18.28418945963976,71.50444497323062,49.65166491100663
18.320213475650434,71.5313953497087,49.67771649890606
18.356237491661105,71.55828094995601,49.70388997660891
18.39226150767178,71.58510225423566,49.73018444040133
18.428285523682455,71.61185975109139,49.75659897098778
18.464309539693126,71.63855393730267,49.78313263357546
18.500333555703804,71.66518531783892,49.80978447796057
18.536357571714476,71.69175440581253,49.83655353861653
18.572381587725147,71.71826172243107,49.86343883478417
18.608405603735825,71.74470779694818,49.89043937056381
18.644429619746496,71.77109316661375,49.91755413500929
18.68045363575717,71.79741837662291,49.94478210222383
18.716477651767846,71.82368398006403,49.972122231457924
18.752501667778517,71.84989053786569,49.999573467209004
18.788525683789192,71.87603861874275,50.02713473932306
18.824549699799867,71.90212879914137,50.0548049630981
18.86057371581054,71.92816166318296,50.082583039389505
18.896597731821213,71.95413780260728,50.110467854717236
18.932621747831888,71.98005781671444,50.138458281374795
18.96864576384256,72.005922312306,50.16655317754022
19.004669779853234,72.0317319036251,50.19475138738872
19.04069379586391,72.05748721229558,50.223051741207186
19.07671781187458,72.0831888672601,50.251453055510545
19.112741827885255,72.1088375047175,50.279954133159876
19.14876584389593,72.13443376805895,50.308553763482315
19.1847898599066,72.15997830780339,50.33725072239269
19.22081387591728,72.18547178153182,50.36604377251701
19.25683789192795,72.21091485382091,50.394931663317585
19.292861907938622,72.23630819617546,50.423913131220026
19.3288859239493,72.26165248696006,50.4529868997418
19.364909939959972,72.28694841132979,50.482151679622646
19.400933955970647,72.31219666116013,50.51140616895657
19.43695797198132,72.33739793497577,50.54074905332563
19.472981987991993,72.36255293787875,50.57017900593533
19.509006004002668,72.38766238147554,50.599694687751686
19.545030020013343,72.41272698380337,50.62929474763993
19.581054036024014,72.43774746925565,50.65897782250487
19.61707805203469,72.4627245685065,50.68874253743285
19.653102068045364,72.48765901843446,50.71858750583531
19.689126084056035,72.51255156204533,50.74851132959394
19.72515010006671,72.53740294839426,50.77851259920745
19.761174116077385,72.56221393250686,50.80858989393979
19.797198132088056,72.58698527529964,50.838741781970036
19.83322214809873,72.61171774349954,50.868966820543754
19.869246164109406,72.63641210956268,50.899263556125845
19.905270180120077,72.6610691515923,50.92963052455494
19.941294196130755,72.68568965325602,50.960066251199265
19.977318212141427,72.71027440370213,50.99056925111396
20.0133422281521,72.73482419747525,51.02113802919985
20.049366244162776,72.75933983443123,51.05177108036365
20.085390260173448,72.78382211965118,51.08246688967959
20.121414276184122,72.80827186335492,51.113223932552465
20.157438292194797,72.83268988081352,51.14404067488201
20.19346230820547,72.85707699226128,51.17491557322867
20.229486324216143,72.88143402280686,51.20584707498077
20.265510340226818,72.90576180234379,51.2368336185229
20.30153435623749,72.93006116546022,51.26787363340577
20.337558372248164,72.95433295134808,51.298965540517166
20.37358238825884,72.97857800371139,51.33010775225438
20.40960640426951,73.0027971706741,51.361298672697735
20.445630420280185,73.02699130468713,51.39253669778549
20.48165443629086,73.0511612624348,51.42382021548984
20.51767845230153,73.07530790474067,51.455147605994206
20.55370246831221,73.09943209647263,51.48651724187172
20.58972648432288,73.12353470644754,51.517927488264704
20.625750500333552,73.14761660733512,51.549376703065604
20.66177451634423,73.17167867556131,51.580863237098725
20.697798532354902,73.195721791211,51.612385434303285
20.733822548365577,73.21974683793023,51.643941631917485
20.76984656437625,73.2437547028278,51.67553016066364
20.805870580386923,73.26774627637631,51.70714934493435
20.841894596397598,73.29172245231271,51.73879750297974
20.877918612408273,73.31568412753819,51.770472947095676
20.913942628418944,73.33963220201773,51.802173983812914
20.94996664442962,73.36356757867898,51.83389891408735
20.985990660440294,73.38749116331073,51.86564603349107
21.022014676450965,73.4114038644608,51.89741363240439
21.05803869246164,73.4353065933336,51.92919999620881
21.094062708472315,73.45920026368708,51.961003405480795
21.130086724482986,73.48308579172922,51.992822136186504
21.16611074049366,73.50696409601426,52.02465445987722
21.202134756504336,73.53083609733827,52.05649864388573
21.238158772515007,73.55470271863437,52.088352951523426
21.274182788525685,73.57856488486773,52.120215642278175
21.310206804536357,73.6024235229298,52.15208497201298
21.346230820547028,73.62627956153248,52.183959193165336
21.382254836557706,73.6501339311018,52.215836554947316
21.418278852568378,73.6739875636712,52.24771530354626
21.454302868579052,73.69784139277449,52.279593682326265
21.490326884589727,73.72169635333849,52.31146993203019
21.5263509006004,73.74555338157532,52.34334229098234
21.562374916611073,73.7694134148744,52.37520899529167
21.59839893262175,73.79327739169413,52.407068279055686
21.63442294863242,73.81714625145327,52.43891837456474
21.670446964643094,73.84102093442203,52.470757512506964
21.70647098065377,73.864902381613,52.50258392217366
21.74249499666444,73.88879153467164,52.534395831665115
21.778519012675115,73.91268933576673,52.566191468097
21.81454302868579,73.93659672748045,52.59796905780705
21.85056704469646,73.9605146526983,52.62972682656221
21.886591060707136,73.98444405449881,52.66146299976623
21.92261507671781,74.00838587604306,52.69317580266749
21.958639092728482,74.03234106046408,52.72486346056728
21.99466310873916,74.05631055075588,52.75652419902826
22.030687124749832,74.08029528966267,52.78815624408335
22.066711140760507,74.1042962195676,52.81975782244478
22.10273515677118,74.12831428238158,52.851327161713385
22.138759172781853,74.15235041943193,52.882862490588174
22.174783188792528,74.17640557135093,52.914362039076025
22.210807204803203,74.20048067796426,52.94582403870159
22.246831220813874,74.22457667817942,52.977246722717275
22.28285523682455,74.24869450987399,53.00862832631344
22.318879252835224,74.272835109784,53.0399670868286
22.354903268845895,74.2969994133921,53.07126124395968
22.39092728485657,74.32118835481579,53.102509039972446
22.426951300867245,74.34540286669566,53.13370871991177
22.462975316877916,74.36964388008359,53.16485853181204
22.49899933288859,74.39391232433094,53.19595672690745
22.535023348899266,74.41820912697688,53.22700155984227
22.57104736490994,74.44253521363666,53.257991288881016
22.607071380920612,74.46689150788994,53.288924176118535
22.643095396931287,74.49127893116928,53.31979848768993
22.67911941294196,74.51569840264861,53.350612493980364
22.715143428952633,74.54015083913187,53.38136446983463
22.751167444963308,74.56463715494169,53.4120526947666
22.787191460973983,74.58915826180828,53.44267545316836
22.823215476984654,74.61371506875837,53.4732310345191
22.85923949299533,74.63830848200433,53.50371773359381
22.895263509006003,74.66293940483354,53.53413385067153
22.93128752501668,74.68760873749771,53.564477691743406
22.96731154102735,74.71231737710268,53.594747568720294
23.003335557038024,74.73706621749818,53.62494179964003
23.0393595730487,74.76185614916797,53.65505870887428
23.07538358905937,74.78668805912004,53.68509662733498
23.111407605070045,74.81156283077726,53.71505389268029
23.14743162108072,74.83648134386814,53.74492884952007
23.18345563709139,74.86144447431788,53.774719849620894
23.219479653102066,74.88645309413968,53.804425252110484
23.25550366911274,74.91150807132647,53.83404342368161
23.291527685123416,74.9366102697428,53.86357273879542
23.327551701134087,74.96176054901711,53.89301157988414
23.363575717144762,74.98695976443437,53.922358337553206
23.399599733155437,75.01220876682899,53.951611410782604
23.43562374916611,75.03750840247815,53.98076920712776
23.471647765176783,75.0628595129955,54.00983014291946
23.507671781187458,75.0882629352252,54.03879264346328
23.54369579719813,75.1137195011364,54.06765514323808
23.579719813208804,75.13923003771815,54.09641608609385
23.61574382921948,75.16479536687467,54.12507392544874
23.651767845230154,75.19041630532116,54.1536271244851
23.687791861240825,75.21609366447991,54.18207415634497
23.7238158772515,75.24182825037703,54.21041350432441
23.759839893262175,75.26762086353955,54.238643662067105
23.795863909272846,75.29347229889311,54.26676313375699
23.83188792528352,75.31938334566003,54.2947704343099
23.867911941294196,75.34535478725797,54.32266408956434
23.903935957304867,75.37138740119913,54.35044263647115
23.939959973315542,75.39748195898996,54.37810462328227
23.975983989326217,75.42363922603141,54.40564860973833
24.01200800533689,75.44985996151982,54.4330731672553
24.048032021347563,75.47614491834821,54.46037687910998
24.084056037358238,75.50249484300848,54.4875583406244
24.120080053368913,75.52891047549383,54.51461615934909
24.156104069379584,75.55539254920208,54.541548955245155
24.19212808539026,75.58194179083952,54.56835536086526
24.228152101400934,75.6085589203254,54.595034021533245
24.264176117411605,75.63524465069699,54.62158359552273
24.30020013342228,75.66199968801557,54.64800275423428
24.336224149432955,75.68882473127272,54.67429018237138
24.37224816544363,75.71572047229762,54.70044457811515
24.4082721814543,75.74268759566485,54.72646465329764
24.444296197464976,75.76972677860303,54.7523491335739
24.48032021347565,75.79683869090415,54.77809675859257
24.51634422948632,75.82402399483352,54.80370628216519
24.552368245496996,75.85128334504066,54.82917647243405
24.58839226150767,75.87861738847076,54.854506112038614
24.624416277518346,75.90602676427716,54.87969399828049
24.660440293529017,75.93351210373427,54.90473894328696
24.696464309539692,75.9610740301516,54.92963977417297
24.732488325550367,75.9887131587884,54.95439533320166
24.76851234156104,76.01643009676923,54.9790044779433
24.804536357571713,76.04422544300027,55.003466081432705
24.840560373582388,76.07209978808653,55.02777903232507
24.87658438959306,76.10005371424987,55.0519422350502
24.912608405603734,76.12808779524788,55.07595460996511
24.94863242161441,76.15620259629371,55.099815093505015
24.984656437625084,76.18439867397667,55.123522638332645
25.020680453635755,76.21267657618378,55.147076213485846
25.05670446964643,76.24103684202223,55.17047480452356
25.092728485657105,76.2694800017427,55.19371741367001
25.128752501667776,76.29800657666374,55.216803059957186
25.16477651767845,76.32661707909683,55.239730779365566
25.200800533689126,76.35531201227272,55.262499624963034
25.236824549699797,76.38409187026838,55.28510866704207
25.272848565710472,76.41295713793524,55.30755699325505
25.308872581721147,76.4419082908281,55.32984370874771
25.34489659773182,76.47094579513528,55.3519679362909
25.380920613742493,76.50007010760959,55.373928816410185
25.416944629753168,76.52928167550039,55.395725507513916
25.452968645763843,76.55858093648665,55.417357186019075
25.488992661774514,76.58796831861102,55.43882304647538
25.52501667778519,76.61744424021491,55.46012230168738
25.561040693795864,76.64700910987466,55.48125418283464
25.597064709806535,76.67666332633875,55.5022179395899
25.63308872581721,76.70640727846603,55.52301284023523
25.669112741827885,76.73624134516504,55.54363817177626
25.70513675783856,76.76616589533445,55.564093240054284
25.74116077384923,76.79618128780447,55.584377369856384
25.777184789859906,76.82628787127953,55.60448990502348
25.81320880587058,76.8564859842819,55.62443020855631
25.84923282188125,76.88677595509647,55.64419766271929
25.885256837891927,76.91715810171668,55.66379166914233
25.9212808539026,76.9476327317916,55.68321164892045
25.957304869913273,76.97820014257402,55.70245704271134
25.993328885923948,77.00886062086985,55.72152731083072
26.029352901934622,77.03961444298852,55.74042193334555
26.065376917945297,77.07046187469464,55.75914041016506
26.10140093395597,77.10140317116075,55.777682261129584
26.137424949966643,77.13243857692134,55.79604702609719
26.173448965977318,77.16356832582794,55.814234265028155
26.20947298198799,77.19479264100545,55.832243558067006
26.245496997998664,77.22611173480972,55.850074505622615
26.28152101400934,77.25752580878617,55.867726728445746
26.31754503002001,77.28903505362982,55.88519986770452
26.353569046030685,77.32063964914636,55.90249358505755
26.38959306204136,77.35233976421453,55.91960756272468
26.425617078052035,77.38413555674978,55.936541503555624
26.461641094062706,77.41602717366895,55.95329513109602
26.49766511007338,77.44801475085646,55.96986818965145
26.533689126084056,77.48009841313153,55.98626044434882
26.569713142094727,77.5122782742168,56.002471681195644
26.605737158105402,77.54455443670807,56.01850170713676
26.641761174116077,77.57692699204543,56.03435035010885
26.677785190126748,77.60939602048559,56.05001745909244
26.713809206137423,77.64196159107544,56.06550290416157
26.749833222148098,77.67462376162698,56.08080657653108
26.785857238158773,77.70738257869345,56.09592838860141
26.821881254169444,77.7402380775469,56.11086827400106
26.85790527018012,77.77319028215675,56.125626187626565
26.893929286190794,77.80623920516994,56.14020210568009
26.929953302201465,77.8393848478923,56.1545960257045
26.96597731821214,77.8726272002711,56.168807966616036
27.002001334222815,77.90596624087905,56.18283796873456
27.038025350233486,77.93940193689959,56.19668609381119
27.07404936624416,77.97293424411339,56.21035242505365
27.110073382254836,78.00656310688635,56.223837067149006
27.14609739826551,78.04028845815873,56.237140146283934
27.182121414276182,78.07411021943572,56.25026181016254
27.218145430286857,78.10802830077935,56.26320222802165
27.25416944629753,78.14204260080164,56.27596159064358
27.290193462308203,78.17615300665918,56.28854011036641
27.326217478318878,78.21035939404902,56.30093802109176
27.362241494329552,78.24466162720583,56.31315557829001
27.398265510340224,78.27905955890047,56.325193059003006
27.4342895263509,78.31355303043999,56.33705076184426
27.470313542361573,78.34814187166874,56.34872900699659
27.50633755837225,78.38282590097108,56.36022813620724
27.54236157438292,78.41760492527523,56.3715485127804
27.578385590393594,78.45247874005865,56.382690521567326
27.61440960640427,78.48744712935469,56.39365456895373
27.65043362241494,78.52250986576053,56.40444108284477
27.686457638425615,78.55766671044661,56.4150505126474
27.72248165443629,78.59291741316731,56.42548332925022
27.758505670446965,78.62826171227306,56.43574002500076
27.794529686457636,78.66369933472373,56.44582111368015
27.83055370246831,78.69922999610344,56.455727130475374
27.866577718478986,78.73485340063677,56.46545863194877
27.902601734489657,78.77056924120615,56.475016196005186
27.938625750500332,78.80637719937083,56.4844004218564
27.974649766511007,78.84227694538708,56.4936119299831
28.01067378252168,78.87826813822974,56.50265136209426
28.046697798532353,78.91435042561521,56.511519381083936
28.082721814543028,78.95052344402572,56.520216670985604
28.118745830553703,78.98678681873503,56.52874393692379
28.154769846564374,79.02314016383534,56.537101905063345
28.19079386257505,79.05958308226579,56.54529132255599
28.226817878585724,79.09611516584211,56.55331295748442
28.262841894596395,79.13273599528766,56.56116759880385
28.29886591060707,79.16944514026592,56.56885605628098
28.334889926617745,79.20624215941423,56.57637916043046
28.370913942628416,79.24312660037889,56.583737762448834
28.40693795863909,79.28009799985162,56.59093273414591
28.442961974649766,79.3171558836074,56.59796496787362
28.47898599066044,79.35429976654359,56.6048353764524
28.515010006671112,79.39152915272038,56.61154489309499
28.551034022681787,79.42884353540266,56.61809447132775
28.58705803869246,79.46624239710312,56.62448508490954
28.623082054703133,79.50372520962672,56.630717727747914
28.659106070713808,79.54129143411654,56.636793413813095
28.695130086724483,79.57894052110085,56.642713177049146
28.731154102735154,79.61667191054153,56.648478071282966
28.76717811874583,79.6544850318839,56.65408917013058
28.803202134756503,79.69237930410773,56.6595475669011
28.83922615076718,79.73035413577959,56.664854374498134
28.87525016677785,79.76840892510657,56.67001072531885
28.911274182788524,79.80654305999126,56.6750177711505
28.9472981987992,79.84475591808793,56.67987668306452
28.98332221480987,79.88304686686018,56.6845886513083
29.019346230820545,79.92141526363972,56.68915488519443
29.05537024683122,79.95986045568654,56.693576612987535
29.09139426284189,79.99838178025021,56.69785508178885
29.127418278852566,80.03697856463263,56.70199155741823
29.16344229486324,80.07565012625196,56.70598732429391
29.199466310873916,80.11439577270767,56.70984368530979
29.235490326884587,80.15321480184713,56.713561961710546
29.271514342895262,80.19210650183322,56.71714349296414
29.307538358905937,80.23107015121327,56.72058963663222
29.34356237491661,80.27010501898917,56.723901768238065
29.379586390927283,80.30921036468882,56.7270812811323
29.415610406937958,80.34838543843864,56.730129586356256
29.45163442294863,80.38762948103751,56.733048112503056
29.487658438959304,80.42694172403168,56.735838305576515
29.52368245496998,80.46632138979109,56.73850162884755
29.559706470980654,80.50576769158668,56.74103956270871
29.595730486991325,80.54527983366913,56.74345360452605
29.631754503002,80.58485701134853,56.74574526848919
29.667778519012675,80.6244984110754,56.74791608545882
29.703802535023346,80.66420321052273,56.749967602812305
29.73982655103402,80.70397057866941,56.75190138428691
29.775850567044696,80.74379967588447,56.75371900982097
29.811874583055367,80.78368965401279,56.7554220753929
29.847898599066042,80.82363965646164,56.75701219285803
29.883922615076717,80.86364881828864,56.7584909897834
29.91994663108739,80.90371626629063,56.75986010928041
29.955970647098063,80.94384111909369,56.7611212098354
29.991994663108738,80.98402248724426,56.76227596513818
30.028018679119413,81.02425947330144,56.763326063908465
30.064042695130084,81.06455117193015,56.764273209720415
30.10006671114076,81.10489666999561,56.76511912082494
30.136090727151434,81.14529504665875,56.765865529970256
30.172114743162105,81.18574537347257,56.76651418422027
30.20813875917278,81.22624671447986,56.76706684477114
30.244162775183455,81.26679812631149,56.767525286765846
30.28018679119413,81.30739865828619,56.76789129910678
30.3162108072048,81.34804735251103,56.76816668426658
30.352234823215476,81.38874324398296,56.76835325809694
30.38825883922615,81.42948536069147,56.76845284963566
30.42428285523682,81.470272723722,56.76846730091177
30.460306871247496,81.5111043473606,56.76839846674893
30.49633088725817,81.55197923919927,56.7682482145669
30.532354903268843,81.5928964002424,56.76801842418139
30.568378919279517,81.6338548250142,56.767710987602015
30.604402935290192,81.67485350166683,56.76732780882854
30.640426951300867,81.71589141208975,56.76687080364549
30.67645096731154,81.75696753201962,56.76634189941494
30.712474983322213,81.79808083115145,56.76574303486774
30.748498999332888,81.83923027325032,56.765076159893034
30.78452301534356,81.88041481626418,56.764343235326116
30.820547031354234,81.92163341243739,56.76354623273477
30.85657104736491,81.96288500842513,56.76268713420393
30.892595063375584,82.00416854540866,56.761767932118886
30.928619079386255,82.0454829592114,56.76079062894679
30.96464309539693,82.08682718041575,56.759757237016856
31.000667111407605,82.12820013448079,56.75866977829885
31.036691127418276,82.16960074186072,56.757530284180305
31.07271514342895,82.21102791812402,56.75634079524214
31.108739159439626,82.25248057407352,56.75510336103296
31.144763175450297,82.29395761586699,56.75382003984191
31.180787191460972,82.33545794513861,56.75249289847017
31.216811207471647,82.3769804591212,56.751124012001135
31.25283522348232,82.41852405076895,56.749715463569196
31.288859239492993,82.46008760888103,56.74826934412728
31.324883255503668,82.5016700182258,56.746787752213145
31.360907271514343,82.54327015966567,56.745272793714385
31.396931287525014,82.58488691028265,56.74372658163219
31.43295530353569,82.6265191435045,56.742151235843984
31.468979319546364,82.6681657292315,56.74054888286487
31.505003335557035,82.70982553396387,56.73892165560787
31.54102735156771,82.7514974209297,56.73727169314315
31.577051367578385,82.79318025021355,56.735601140456104
31.61307538358906,82.83487287888559,56.73391214820436
31.64909939959973,82.8765741611312,56.73220687247379
31.685123415610406,82.91828294838126,56.73048747453347
31.72114743162108,82.95999808944285,56.72875612058974
31.75717144763175,83.00171843063043,56.727014981539185
31.793195463642427,83.0434428158977,56.725266232720806
31.8292194796531,83.08517008696968,56.72351205366724
31.865243495663773,83.12689908347541,56.72175462785512
31.901267511674448,83.1686286430811,56.71999614245457
31.937291527685122,83.21035760162368,56.71823878807793
31.973315543695797,83.2520847932447,56.71648475852766
32.00933955970647,83.29380905052479,56.714736250543524
32.04536357571715,83.3355292046183,56.71299546354899
32.08138759172782,83.37724408538853,56.71126459939696
32.11741160773849,83.41895252154319,56.709545862114865
32.15343562374916,83.4606533407702,56.70784145764906
32.18945963975984,83.50234536987381,56.70615359360862
32.22548365577051,83.54402743491116,56.70448447900858
32.26150767178119,83.58569836132895,56.70283632401259
32.29753168779186,83.62735697410051,56.70121133967506
32.33355570380253,83.66900209786306,56.69961173768281
32.3695797198132,83.7106325570553,56.698039730096234
32.40560373582388,83.7522471760552,56.69649752909007
32.44162775183456,83.79384477931796,56.694987346693694
32.47765176784523,83.83542419151416,56.693511394531136
32.5136757838559,83.87698423766824,56.69207188356063
32.54969979986657,83.918523743297,56.69067102381396
32.585723815877245,83.96004153454825,56.68931102413544
32.62174783188792,84.00153643833974,56.68799409192068
32.6577718478986,84.04300728249805,56.686722432855106
32.69379586390927,84.08445289589766,56.68549825065229
32.729819879919944,84.12587210860008,56.68432374679212
32.765843895930615,84.16726375199315,56.683201120258815
32.801867911941294,84.20862665893021,56.6821325672789
32.837891927951965,84.2499596638695,56.68112028105898
32.87391594396264,84.29126160301344,56.68016645152364
32.909939959973315,84.33253131444795,56.67927326505313
32.945963975983986,84.3737676382819,56.67844290422132
32.98198799199466,84.41496941678629,56.677677547533435
33.018012008005336,84.45613549453358,56.67697936916407
33.054036024016014,84.4972647185369,56.67635053869526
33.090060040026685,84.5383559383891,56.67579322085462
33.12608405603736,84.57940800640192,56.67530957525377
33.16210807204803,84.62041977774481,56.67490175612687
33.1981320880587,84.66139011058377,56.67457191206949
33.23415610406938,84.70231786622003,56.67432218577759
33.270180120080056,84.74320190922853,56.67415471378702
33.30620413609073,84.78404110759627,56.6740716262131
33.3422281521014,84.8248343328604,56.67407504649076
33.37825216811207,84.86558046024626,56.674167091114974
33.41427618412275,84.90627836880499,56.67434986938162
33.45030020013342,84.946926941551,56.67462548312883
33.4863242161441,84.98752506559924,56.67499602647875
33.52234823215477,85.02807163230209,56.67546358557995
33.55837224816544,85.06856553738604,56.676030238350194
33.59439626417611,85.10900568108801,56.676698054219955
33.63042028018679,85.14939096829139,56.677469093876475
33.66644429619746,85.18972030866162,56.67834540900839
33.70246831220814,85.22999261678171,56.679329042051165
33.73849232821881,85.27020681228699,56.68042202593312
33.77451634422948,85.31036181999977,56.681626383822234
33.810540360240154,85.35045657006351,56.682944128873714
33.84656437625083,85.39048999807652,56.684377263978305
33.88258839226151,85.43046104522523,56.68592778151152
33.91861240827218,85.47036865841707,56.68759766308365
33.95463642428285,85.51021179041288,56.689388879290625
33.990660440293524,85.54998939995873,56.69130338946593
34.0266844563042,85.58970045191731,56.69334314143333
34.062708472314874,85.62934391739881,56.69551007126064
34.09873248832555,85.66891877389129,56.69780610301446
34.134756504336224,85.70842400539037,56.70023314851601
34.170780520346895,85.7478586025285,56.702793107097975
34.206804536357566,85.78722156270355,56.70548786536249
34.242828552368245,85.8265118902069,56.70831929694018
34.278852568378916,85.86572859635078,56.71128926225049
34.314876584389594,85.90487069959505,56.714399608263044
34.350900600400266,85.94393722567341,56.71765216826036
34.38692461641094,85.98292720771876,56.72104876160172
34.42294863242161,86.0218396863881,56.72459119348838
34.45897264843229,86.06067370998656,56.728281254730035
34.494996664442965,86.09942833459075,56.73212072151264
34.531020680453636,86.13810262417154,56.73611135516763
34.56704469646431,86.17669565071584,56.740254901942464
34.60306871247498,86.21520649434788,56.74455309277268
34.63909272848565,86.25363424344954,56.74900764305531
34.67511674449633,86.29197799477996,56.75362025242384
34.71114076050701,86.3302368535943,56.7583926045247
34.74716477651768,86.36840993376182,56.763326366795184
34.78318879252835,86.40649635788296,56.76842319024306
34.81921280853902,86.44449525740566,56.773684709227716
34.8552368245497,86.48240577274079,56.779112541242924
34.89126084056037,86.52022705337671,56.78470828670126
34.92728485657105,86.55795825799296,56.79047352872026
34.96330887258172,86.59559855457303,56.79640983291019
34.99933288859239,86.63314712051611,56.802518747163596
35.03535690460306,86.67060314274815,56.80880180144666
35.07138092061374,86.70796581783165,56.815260507592214
35.10740493662442,86.7452343520748,56.82189635909477
35.14342895263509,86.78240796163935,56.82871083090719
35.17945296864576,86.8194858726477,56.83570537923936
35.21547698465643,86.85646732128892,56.84288144135867
35.251501000667105,86.89335155392371,56.850240435392536
35.28752501667778,86.93013782718833,56.85778376013274
35.32354903268846,86.96682540809753,56.865512794841784
35.35957304869913,87.00341357414639,56.873428899061324
35.395597064709804,87.03990161341106,56.88153341242251
35.431621080720475,87.07628882464847,56.889827654458486
35.467645096731154,87.11257451739485,56.89831292441883
35.503669112741825,87.14875801206321,56.90699050108628
35.5396931287525,87.18483864003966,56.9158616425954
35.575717144763175,87.22081574377856,56.92492758625355
35.611741160773846,87.25668867689663,56.93418954836389
35.64776517678452,87.2924568042657,56.94364872405072
35.683789192795196,87.32811950210441,56.95330628708693
35.71981320880587,87.36367615806877,56.96316338972376
35.755837224816545,87.39912617134134,56.97322116252283
35.79186124082722,87.43446895271929,56.98348071419043
35.82788525683789,87.46970392470129,56.99394313141409
35.86390927284856,87.50483052157307,57.00460947870167
35.89993328885924,87.53984818949168,57.01548079822251
35.935957304869916,87.57475638656867,57.026558109651305
35.97198132088059,87.60955458295173,57.03784241001406
36.00800533689126,87.64424226090534,57.04933467353675
36.04402935290193,87.67881891488983,57.061035851496214
36.0800533689126,87.71328405163933,57.072946872073665
36.11607738492328,87.74763719023832,57.085068640210615
36.15210140093396,87.78187786219682,57.097402037467305
36.18812541694463,87.81600561152429,57.10994792188374
36.2241494329553,87.85001999480215,57.122707127843164
36.26017344896597,87.88392058125496,57.13568046593826
36.29619746497665,87.91770695282011,57.14886872283975
36.33222148098732,87.95137870421632,57.16227266116778
36.368245496998,87.98493544301056,57.17589301936584
36.40426951300867,88.01837678968363,57.189730511577324
36.44029352901934,88.05170237769437,57.20378582752485
36.476317545030014,88.08491185354237,57.21805963239211
36.51234156104069,88.11800487682933,57.23255256670866
36.54836557705137,88.15098112031879,57.2472652462371
36.58438959306204,88.18384026999465,57.26219826186334
36.62041360907271,88.21658202511809,57.27735217948938
36.656437625083385,88.24920609828295,57.29272753992893
36.692461641094056,88.28171221546987,57.30832485880593
36.728485657104734,88.31410011609861,57.32414462645561
36.76450967311541,88.34636955307914,57.34018730782871
36.800533689126084,88.37852029286114,57.35645334239822
36.836557705136755,88.41055211548188,57.37294314406921
36.87258172114743,88.44246481461278,57.38965710109138
36.908605737158105,88.47425819760429,57.40659557597456
36.944629753168776,88.50593208552914,57.42375890540708
36.980653769179455,88.53748631322443,57.44114740017702
37.016677785190126,88.56892072933165,57.45876134509649
37.0527018012008,88.60023519633557,57.47660099892871
37.08872581721147,88.63142959060133,57.49466659431813
37.12474983322215,88.66250380240996,57.5129583377235
37.160773849232825,88.69345773599254,57.53147640935382
37.1967978652435,88.72429130956239,57.55022096310746
37.23282188125417,88.7550044553461,57.569192126514125
37.26884589726484,88.78559711961256,57.58839000067985
37.30486991327551,88.81606926270076,57.607814660235064
37.34089392928619,88.84642085904565,57.62746615328571
37.37691794529687,88.8766518972025,57.64734450136726
37.41294196130754,88.90676237986986,57.66744969940196
37.44896597731821,88.93675232391047,57.68778171565906
37.48498999332888,88.96662176037088,57.70834049171801
37.52101400933956,88.99637073449938,57.729125942435
37.55703802535023,89.02599930576204,57.750137955912244
37.59306204136091,89.05550754785749,57.77137639347071
37.62908605737158,89.08489554872972,57.79284108962562
37.66511007338225,89.11416341057941,57.81453185206537
37.70113408939292,89.14331124987359,57.836448461633346
37.7371581054036,89.17233919735352,57.85859067231294
37.77318212141427,89.20124739804102,57.88095821121575
37.80920613742495,89.23003601124314,57.90355077857282
37.84523015343562,89.25870521055504,57.92636804772912
37.881254169446294,89.28725518386133,57.94940966514107
37.917278185456965,89.31568613333572,57.97267525037737
37.95330220146764,89.34399827543878,57.996164396122815
37.98932621747832,89.37219184091438,58.01987666818538
38.02535023348899,89.40026707478415,58.04381160550646
38.061374249499664,89.42822423634038,58.067968720174285
38.097398265510336,89.4560635991372,58.092347497440464
38.133422281521014,89.48378545098012,58.11694739573974
38.169446297531685,89.5113900939138,58.14176784671297
38.20547031354236,89.5388778442082,58.16680825523315
38.241494329553035,89.56624903234298,58.192067999434805
38.277518345563706,89.59350400299027,58.21754643074641
38.31354236157438,89.62064311499572,58.24324287392609
38.349566377585056,89.6476667413578,58.26915662710048
38.38559039359573,89.67457526920552,58.29528696180672
38.421614409606406,89.70136909977433,58.32163312303775
38.45763842561708,89.72804864838042,58.34819432929067
38.49366244162775,89.75461434439337,58.37496977261841
38.52968645763843,89.7810666312069,58.40195861868442
38.5657104736491,89.80740596620814,58.42916000682072
38.60173448965977,89.8336328207451,58.456573050089034
38.63775850567045,89.85974768009257,58.48419683534508
38.67378252168112,89.88575104341612,58.512030423306115
38.70980653769179,89.91164342373463,58.540072848621584
38.74583055370247,89.93742534788103,58.56832311994701
38.78185456971314,89.9630973564613,58.59678022002092
38.81787858572381,89.98866000381203,58.62544310574511
38.85390260173449,90.01411385795592,58.65431070826792
38.88992661774516,90.03945950055603,58.68338193307073
38.92595063375583,90.064697526868,58.71265566005755
38.96197464976651,90.08982854569082,58.74213074364786
38.99799866577718,90.11485317931586,58.77180601287245
39.03402268178785,90.13977206347423,58.80168027147244
39.07004669779853,90.16458584728247,58.83175229800148
39.1060707138092,90.18929519318672,58.86202084593097
39.14209472981988,90.213900776905,58.892484643758436
39.17811874583055,90.23840328736803,58.923142395118994
39.214142761841224,90.26280342665834,58.95399277889991
39.2501667778519,90.2871019099478,58.98503444935825
39.28619079386257,90.3112994654334,59.01626603624154
39.322214809873245,90.33539683427149,59.04768614491158
39.35823882588392,90.3593947705105,59.07929335647125
39.394262841894594,90.38329404102177,59.111086227894354
39.430286857905266,90.40709542542895,59.14306329215853
39.466310873915944,90.43079971603589,59.17522305838118
39.502334889926615,90.45440771775269,59.20756401195834
39.53835890593729,90.47792024802033,59.24008461470666
39.574382921947965,90.50133813673364,59.27278330500829
39.610406937958636,90.52466222616275,59.30565849795869
39.64643095396931,90.54789337087291,59.33870858551758
39.682454969979986,90.57103243764277,59.37193193666265
39.71847898599066,90.59408030538108,59.40532689754626
39.75450300200133,90.61703786504185,59.43889179165514
39.79052701801201,90.63990601953802,59.47262491997285
39.82655103402268,90.6626856836535,59.5065245611453
39.86257505003336,90.68537778395378,59.54058897164894
39.89859906604403,90.7079832586949,59.57481638596202
39.9346230820547,90.73050305773099,59.60920501673856
39.97064709806538,90.75293814242036,59.64375305498515
40.00667111407605,90.77528948552998,59.67845867024063
40.04269513008672,90.79755807113852,59.71332001075853
40.0787191460974,90.81974489453796,59.74833520369229
40.11474316210807,90.84185096213366,59.78350235528316
40.15076717811874,90.863877291343,59.81881955105104
40.18679119412942,90.88582491049266,59.85428485598781
40.22281521014009,90.90769485871425,59.8898963147535
40.25883922615076,90.92948818583875,59.925651951875174
40.29486324216144,90.95120595228943,59.96154977194836
40.33088725817211,90.97284922897327,59.99758775984121
40.36691127418278,90.9944190971712,60.03376388090126
40.40293529019346,91.01591664842674,60.07007608116488
40.43895930620413,91.03734298443337,60.10652228756908
40.47498332221481,91.05869921692054,60.143100408166205
40.51100733822548,91.07998646753836,60.17980833234087
40.547031354236154,91.10120586774082,60.21664393102966
40.58305537024683,91.1223585586678,60.25360505694313
40.6190793862575,91.1434456910257,60.290689544790425
40.655103402268175,91.16446842496686,60.32789521150631
40.69112741827885,91.18542792996757,60.36521985648058
40.727151434289524,91.20632538470483,60.40266126178997
40.763175450300196,91.2271619769319,60.44021719243238
40.799199466310874,91.24793890335255,60.47788539656351
40.835223482321545,91.26865736949406,60.51566360573576
40.87124749833222,91.28931858957904,60.55354953513957
40.907271514342895,91.30992378639593,60.591540883846896
40.943295530353566,91.33047419116845,60.62963533505703
40.97931954636424,91.35097104342373,60.66783055634473
41.015343562374916,91.37141559085931,60.70612419991037
41.05136757838559,91.39180908920903,60.744513902832445
41.08739159439626,91.41215280210767,60.782997287322175
41.12341561040694,91.43244800095451,60.821571960980236
41.15943962641761,91.45269596477584,60.86023551705558
41.19546364242829,91.47289798008623,60.89898553470641
41.23148765843896,91.49305534074878,60.9378195792631
41.26751167444963,91.51316934783432,60.97673520249321
41.30353569046031,91.53324130947956,61.01572994286852
41.33955970647098,91.55327254074408,61.054801325833864
41.37558372248165,91.57326436346636,61.093946864078184
41.41160773849233,91.59321810611891,61.13316405780723
41.447631754503,91.61313510366217,61.172450395018245
41.48365577051367,91.63301669739766,61.21180335177658
41.51967978652435,91.65286423481996,61.251220392493956
41.55570380253502,91.67267906946785,61.29069897020869
41.59172781854569,91.69246256077459,61.33023652686751
41.62775183455637,91.712216073917,61.369830493609314
41.66377585056704,91.73194097966405,61.409478291050405
41.69979986657771,91.75163865422411,61.44917732957155
41.73582388258839,91.77131047909174,61.488925009606625
41.77184789859906,91.7909578408933,61.528718721932805
41.807871914609734,91.81058213123194,61.568555847962514
41.84389593062041,91.83018474653171,61.60843376003667
41.879919946631084,91.84976708788082,61.648349821719606
41.91594396264176,91.86933056087409,61.688301388095454
41.95196797865243,91.88887657545482,61.728285806065905
41.987991994663105,91.90840654575564,61.76830041464947
42.02401601067378,91.92792188993889,61.80834254528203
42.060040026684455,91.94742403003605,61.8484095221188
42.096064042695126,91.96691439178662,61.88849866233759
42.132088058705804,91.98639440447633,61.92860727644335
42.168112074716475,92.00586550077453,61.96873266857387
42.20413609072715,92.02532911657119,62.0088721368069
42.240160106737825,92.044786690813,62.049022973468226
42.2761841227485,92.06423966533902,62.08918246544099
42.31220813875917,92.08368948471576,62.12934789447618
42.348232154769846,92.10313759607162,62.16951653750403
42.38425617078052,92.12258544893075,62.20968566694662
42.42028018679119,92.14203449504654,62.249852551031374
42.45630420280187,92.16148618823433,62.290014454105616
42.49232821881254,92.1809419842039,62.33016863695195
42.52835223482321,92.2004033403913,62.37031235710462
42.56437625083389,92.2198717157903,62.410442869166744
42.60040026684456,92.2393485707834,62.45055742512823
42.63642428285524,92.25883536697233,62.49065327468474
42.67244829886591,92.27833356700833,62.5307276655571
42.70847231487658,92.29784463442184,62.570777843811705
42.74449633088726,92.317370033452,62.61080105418141
42.78052034689793,92.33691122887569,62.650794540387146
42.8165443629086,92.35646968583637,62.69075554546016
42.85256837891928,92.37604686967248,62.73068131206477
42.88859239492995,92.39564424574559,62.77056908282166
42.92461641094062,92.41526327926839,62.810416100631755
42.9606404269513,92.43490543513236,62.85021960900045
42.99666444296197,92.45457217773514,62.889976852362246
43.03268845897264,92.47426497080791,62.929685076405946
43.06871247498332,92.49398527724227,62.969341528399966
43.10473649099399,92.51373455891733,63.00894345751808
43.140760507004664,92.53351427652633,63.04848811516548
43.17678452301534,92.55332588940334,63.087972755304925
43.212808539026014,92.5731708553497,63.12739463478323
43.24883255503669,92.59305063046065,63.166751013657766
43.284856571047364,92.61296666895146,63.20603915552326
43.320880587058035,92.632920422984,63.24525632783848
43.35690460306871,92.65291334249292,63.28439980225315
43.392928619079385,92.67294687501199,63.32346685493464
43.428952635090056,92.69302246550046,63.362454766894885
43.464976651100734,92.71314155616943,63.401360824317074
43.501000667111406,92.73330558630826,63.44018231888216
43.53702468312208,92.75351599211109,63.478916548095434
43.573048699132755,92.77377420650345,63.51756081561272
43.60907271514343,92.79408165896902,63.55611243156642
43.6450967311541,92.81443977537648,63.594568712891316
43.681120747164776,92.83484997780656,63.63292698365001
43.71714476317545,92.85531368437921,63.67118457535801
43.75316877918612,92.87583230908109,63.70933882730857
43.7891927951968,92.89640726159323,63.74738708689693
43.82521681120747,92.91703994711877,63.785326709944144
43.86124082721814,92.93773176621136,63.82315506102057
43.89726484322882,92.95848411460335,63.86086951376858
43.93328885923949,92.97929838303475,63.89846745122481
43.96931287525017,93.00017595708212,63.93594626614191
44.00533689126084,93.02111821698814,63.97330336130934
44.04136090727151,93.0421265374913,64.01053614987386
44.07738492328219,93.06320228765611,64.04764205565888
44.11340893929286,93.08434683070374,64.08461851348346
44.14943295530353,93.1055615238429,64.12146296948013
44.18545697131421,93.12684771810146,64.15817288141207
44.22148098732488,93.14820675815827,64.1947457189894
44.25750500333555,93.16963998217564,64.23117896418442
44.29352901934623,93.19114872163229,64.2674701115461
44.3295530353569,93.21273430115673,64.3036166685133
44.36557705136757,93.23439803836143,64.3396161557272
44.40160106737825,93.25614124367729,64.3754661073425
44.43762508338892,93.27796522018883,64.41116407133755
44.473649099399594,93.29987126347007,64.44670760982335
44.50967311541027,93.3218606614209,64.48209429935132
44.545697131420944,93.34393469410418,64.51732173121987
44.581721147431615,93.36609463358346,64.55238751177967
44.617745163442294,93.38834174376157,64.58728926273771
44.653769179452965,93.41067728021959,64.62202462145979
44.68979319546364,93.43310249005685,64.65659124127197
44.725817211474315,93.45561861173167,64.69098679176025
44.761841227484986,93.47822687490253,64.72520895906908
44.797865243495664,93.50092850027063,64.75925544619822
44.833889259506336,93.52372469942262,64.79312397329807
44.86991327551701,93.5466166746746,64.82681227796353
44.905937291527685,93.56960561891688,64.86031811552614
44.94196130753836,93.59269271545944,64.89363925934471
44.97798532354903,93.61587913787852,64.92677350109415
45.014009339559706,93.63916604986397,64.95971865105265
45.05003335557038,93.66255460506753,64.99247253838713
45.08605737158105,93.68604594695213,65.0250330114368
45.12208138759173,93.70964120864218,65.05739793799508
45.1581054036024,93.73334151277469,65.08956520558942
45.19412941961307,93.75714797135157,65.12153272175952
45.23015343562375,93.78106168559285,65.15329841433334
45.26617745163442,93.80508374579101,65.18486023170128
45.30220146764509,93.82921523116632,65.21621614308845
45.33822548365577,93.85345720972327,65.24736413882465
45.37424949966644,93.87781073810812,65.27830223061258
45.41027351567712,93.90227686146758,65.30902845179372
45.44629753168779,93.92685661330859,65.33954085761218
45.48232154769846,93.95155101535926,65.36983752547633
45.51834556370914,93.97636107743097,65.39991655521828
45.55436957971981,94.00128779728178,65.42977606935105
45.59039359573048,94.02633216048082,65.45941421332351
45.62641761174116,94.05149514027416,65.48882915577308
45.66244162775183,94.0767776974517,65.5180190887758
45.6984656437625,94.10218078021549,65.54698222809455
45.73448965977318,94.12770532404924,65.57571681342424
45.77051367578385,94.15335225158913,65.60422110863513
45.806537691794524,94.17912247249596,65.63249340201324
45.8425617078052,94.20501688332868,65.66053200649856
45.878585723815874,94.23103636741908,65.68833525992054
45.914609739826545,94.2571817947481,65.71590152523109
45.950633755837224,94.28345402182333,65.74322919073504
45.986657771847895,94.30985389155795,65.77031667031778
46.02268178785857,94.33638223315116,65.79716240367051
46.058705803869245,94.3630398619699,65.82376485651251
46.094729819879916,94.38982757943222,65.85012252081093
46.130753835890594,94.41674617289183,65.87623391499774
46.166777851901266,94.44379641552446,65.90209758418384
46.20280186791194,94.47097906621535,65.92771210037046
46.238825883922615,94.49829486944859,65.95307606265764
46.27484989993329,94.52574455519776,65.97818809744999
46.31087391594396,94.55332883881817,66.00304685865925
46.346897931954636,94.5810484209407,66.02765102790437
46.38292194796531,94.60890398736714,66.05199931470815
46.41894596397598,94.63689620896714,66.07609045669136
46.45496997998666,94.66502574157681,66.0999232197635
46.49099399599733,94.69329322589877,66.12349639831068
46.527018012008,94.72169928740408,66.14680881538051
46.56304202801868,94.75024453623558,66.1698593228637
46.59906604402935,94.77892956711297,66.19264680167278
46.63509006004002,94.80775495923962,66.2151701619175
46.6711140760507,94.83672127621094,66.23742834307713
46.70713809206137,94.86582906592453,66.25942031416963
46.74316210807205,94.89507886049202,66.28114507391753
46.77918612408272,94.9244711761526,66.30260165091056
46.81521014009339,94.95400651318832,66.32378910376512
46.85123415610407,94.98368535584117,66.34470652128037
46.88725817211474,95.01350817223175,66.36535302259102
46.92328218812541,95.04347541427995,66.38572775731684
46.95930620413609,95.07358751762727,66.40582990570881
46.99533022014676,95.10384490156088,66.4256586787918
47.03135423615743,95.13424796893966,66.44521331850397
47.06737825216811,95.16479710612188,66.46449309783273
47.10340226817878,95.19549268289487,66.4834973209472
47.139426284189454,95.2263350524064,66.50222532332715
47.17545030020013,95.25732455109795,66.52067647188879
47.211474316210804,95.28846149863986,66.53885016510654
47.247498332221475,95.3197461978684,66.55674583313173
47.283522348232154,95.35117893472454,66.57436293790757
47.319546364242825,95.38275997819485,66.59170097328045
47.355570380253496,95.41448958025416,66.608759465108
47.391594396264175,95.44636797581012,66.62553797136307
47.427618412274846,95.47839538264972,66.64203608223467
47.463642428285524,95.5105720013878,66.6582534202247
47.499666444296196,95.54289801541739,66.67418964024147
47.53569046030687,95.57537359086203,66.68984442968932
47.571714476317545,95.6079988765301,66.7052175085547
47.60773849232822,95.64077400387106,66.72030862948841
47.64376250833889,95.67369908693368,66.73511757788424
47.679786524349566,95.70677422232623,66.74964417195382
47.71581054036024,95.73999948917873,66.76388826279778
47.75183455637091,95.77337494910705,66.77784973447315
47.78785857238159,95.80690064617923,66.79152850405688
47.82388258839226,95.84057660688354,66.80492452170581
47.85990660440293,95.87440284009884,66.81803777071256
47.89593062041361,95.90837933706675,66.83086826755785
47.93195463642428,95.9425060713659,66.84341606195886
47.96797865243495,95.97678299888832,66.85568123691382
48.00400266844563,96.01121005781775,66.86766390874281
48.0400266844563,96.04578716860999,66.87936422712451
48.07605070046697,96.08051423397546,66.89078237512933
48.11207471647765,96.11539113886363,66.90191856924854
48.14809873248832,96.15041775044959,66.91277305941946
48.184122748499,96.18559391812272,66.923346129047
48.22014676450967,96.22091947347741,66.93363809502095
48.25617078052034,96.25639423030577,66.94364930772973
48.29219479653102,96.29201798459268,66.95338015106984
48.32821881254169,96.32779051451246,66.96283104245182
48.364242828552364,96.36371158042814,66.97200243280197
48.40026684456304,96.39978092489257,66.98089480656014
48.43629086057371,96.43599827265146,66.98950868167375
48.472314876584385,96.47236333064893,66.99784460958783
48.50833889259506,96.5088757880348,67.00590317523096
48.544362908605734,96.54553531617405,67.0136849969974
48.580386924616406,96.58234156865865,67.02119072672522
48.616410940627084,96.6192941813211,67.02842104967051
48.652434956637755,96.65639277225031,67.0353766844775
48.68845897264843,96.69363694180961,67.04205838314479
48.724482988659105,96.73102627265672,67.04846693098776
48.760507004669776,96.76856032976593,67.05460314659675
48.79653102068045,96.80623866045244,67.06046788179134
48.832555036691126,96.84406079439864,67.06606202157084
48.8685790527018,96.8820262436827,67.07138648406058
48.904603068712476,96.92013450280912,67.07644222045435
48.94062708472315,96.95838504874143,67.0812302149528
48.97665110073382,96.99677734093709,67.08575148469795
49.0126751167445,97.03531082138437,67.09000707970368
49.04869913275517,97.07398491464139,67.0939980827822
49.08472314876584,97.11279902787727,67.09772560946676
49.12074716477652,97.15175255091549,67.10119080793012
49.15677118078719,97.19084485627907,67.10439485889921
49.19279519679786,97.23007529923814,67.1073389755659
49.22881921280854,97.26944321785949,67.11002440349368
49.26484322881921,97.30894793305819,67.11245242052058
49.30086724482988,97.34858874865141,67.11462433665784
49.33689126084056,97.38836495141413,67.116541493985
49.37291527685123,97.42827581113715,67.11820526654087
49.4089392928619,97.4683205806871,67.11961706021059
49.44496330887258,97.50849849606854,67.12077831260879
49.48098732488325,97.54880877648799,67.12169049295898
49.51701134089393,97.58925062442032,67.12235510196876
49.5530353569046,97.62982322567694,67.12277367170142
49.58905937291527,97.67052574947623,67.12294776544354
49.62508338892595,97.71135734851589,67.12287897756866
49.66110740493662,97.75231715904742,67.12256893339726
49.697131420947294,97.79340430095266,67.12201928905273
49.73315543695797,97.83461787782227,67.1212317313136
49.76917945296864,97.87595697703638,67.12020797746196
49.805203468979315,97.91742066984716,67.11894977512787
49.84122748498999,97.9590080114634,67.11745890213034
49.877251501000664,98.00071804113725,67.11573716631409
49.913275517011336,98.04254978225276,67.11378640538292
49.949299533022014,98.0845022424166,67.11160848672907
49.985323549032685,98.12657441355063,67.10920530725889
50.02134756504336,98.16876527198653,67.1065787932149
50.057371581054035,98.21107377856247,67.10373089999393
50.093395597064706,98.25349887872147,67.10066361196174
50.12941961307538,98.29603950261219,67.09737894226383
50.165443629086056,98.3386945651911,67.09387893263275
50.20146764509673,98.38146296632709,67.09016565319146
50.237491661107406,98.42434359090777,67.08624120225342
50.27351567711808,98.46733530894758,67.08210770611878
50.30953969312875,98.51043697569816,67.07776731886715
50.34556370913943,98.5536474317603,67.07322222214664
50.3815877251501,98.59696550319785,67.06847462495953
50.41761174116077,98.64039000165371,67.06352676344429
50.45363575717145,98.68391972446742,67.05838090065393
50.48965977318212,98.72755345479469,67.05303932633127
50.52568378919279,98.77128996172894,67.04750435668022
50.56170780520347,98.8151280004245,67.0417783341341
50.59773182121414,98.85906631222159,67.0358636271201
50.63375583722481,98.90310362477334,67.02976262982061
50.66977985323549,98.9472386521744,67.02347776193109
50.70580386924616,98.99147009509144,67.01701146841451
50.74182788525683,99.03579664089537,67.0103662192525
50.77785190126751,99.08021696379538,67.00354450919323
50.81387591727818,99.12472972497466,66.99654885749592
50.84989993328885,99.16933357272792,66.98938180767207
50.88592394929953,99.21402714260068,66.98204592722358
50.9219479653102,99.25880905753002,66.97454380737751
50.95797198132088,99.3036779279874,66.96687806281774
50.99399599733155,99.34863235212279,66.95905133141339
51.030020013342224,99.39367091591079,66.95106627394419
51.0660440293529,99.43879219329813,66.94292557382275
51.10206804536357,99.48399474635293,66.93463193681357
51.138092061374245,99.52927712541575,66.92618809074926
51.17411607738492,99.5746378692518,66.91759678524357
51.210140093395594,99.62007550520525,66.90886079140142
51.246164109406266,99.66558854935474,66.89998290152609
51.282188125416944,99.71117550667068,66.8909659288233
51.318212141427615,99.75683487117392,66.88181270710265
51.35423615743829,99.80256512609608,66.87252609047582
51.390260173448965,99.84836474404138,66.86310895305222
51.426284189459636,99.89423218714978,66.85356418863184
51.46230820547031,99.9401659072619,66.84389471039499
51.498332221480986,99.98616434608519,66.83410345058977
51.53435623749166,100.03222593536151,66.82419336021634
51.57038025350233,100.07834909703632,66.81416740870901
51.60640426951301,100.12453224342921,66.80402858361514
51.64242828552368,100.17077377740559,66.7937798902719
51.67845230153436,100.21707209255013,66.78342435148026
51.71447631754503,100.2634255733413,66.77296500717628
51.7505003335557,100.30983259532734,66.7624049141001
51.78652434956638,100.35629152530348,66.75174714546252
51.82254836557705,100.4028007214905,66.74099479060885
51.85857238158772,100.44935853371456,66.73015095468054
51.8945963975984,100.4959633035884,66.71921875827454
51.93062041360907,100.54261336469347,66.70820133710002
51.96664442961974,100.58930704276362,66.69710184163318
52.00266844563042,100.63604265586989,66.6859234367694
52.03869246164109,100.68281851460628,66.67466930147354
52.07471647765176,100.729632922277,66.66334262842783
52.11074049366244,100.77648417508462,66.65194662367755
52.14676450967311,100.82337056231941,66.64048450627499
52.18278852568378,100.87029036654988,66.62895950792081
52.21881254169446,100.91724186381423,66.6173748726038
52.25483655770513,100.96422332381292,66.60573385623843
52.29086057371581,101.01123301010237,66.59403972630051
52.32688458972648,101.05826918028957,66.58229576146097
52.362908605737154,101.10533008622767,66.57050525121765
52.39893262174783,101.15241397421266,66.55867149552549
52.4349566377585,101.19951908518084,66.54679780442461
52.470980653769175,101.24664365490737,66.53488749766701
52.50700466977985,101.29378591420569,66.52294390434116
52.543028685790524,101.34094408912767,66.51097036249534
52.579052701801196,101.3881164011649,66.49897021875903
52.615076717811874,101.43530106745061,66.48694682796283
52.651100733822545,101.4824963009624,66.47490355275691
52.68712474983322,101.52970031072597,66.4628437632279
52.723148765843895,101.57691130201943,66.45077083651427
52.759172781854566,101.62412747657834,66.43868815642038
52.79519679786524,101.67134703280169,66.42659911302921
52.831220813875916,101.7185681659584,66.41450710231358
52.86724482988659,101.76578906839447,66.4024155257462
52.90326884589726,101.81300792974105,66.39032778990867
52.93929286190794,101.86022293712276,66.37824730609881
52.97531687791861,101.90743227536694,66.36617748993739
53.01134089392929,101.95463412721344,66.35412176097331
53.04736490993996,102.00182667352465,66.34208354228805
53.08338892595063,102.04900809349664,66.33006626009887
53.11941294196131,102.09617656487032,66.31807334336114
53.15543695797198,102.14333026414323,66.30610822336973
53.19146097398265,102.190467366782,66.2941743333596
53.22748498999333,102.23758604743495,66.28227510810544
53.263509006004,102.2846844801453,66.27041398352044
53.29953302201467,102.33176083856478,66.25859439625467
53.33555703802535,102.37881329616746,66.2468197832924
53.37158105403602,102.42584002646407,66.23509358154887
53.40760507004669,102.47283920321661,66.22341922746658
53.44362908605737,102.5198090006532,66.21180015661093
53.47965310206804,102.56674759368323,66.20023980326532
53.51567711807871,102.61365315811281,66.18874160002579
53.55170113408939,102.66052387086039,66.17730897739537
53.58772515010006,102.70735791017252,66.16594536337786
53.623749166110734,102.75415345583991,66.1546541830715
53.65977318212141,102.8009086894136,66.14343885826213
53.695797198132084,102.84762179442107,66.13230280701639
53.73182121414276,102.8942909565828,66.1212494432745
53.76784523015343,102.94091436402849,66.11028217644304
53.803869246164105,102.98749020751373,66.09940441098762
53.83989326217478,103.03401668063641,66.08861954602544
53.875917278185455,103.08049198005311,66.07793097491805
53.911941294196126,103.12691430569572,66.06734208486391
53.947965310206804,103.17328186098774,66.05685625649126
53.983989326217475,103.21959285306067,66.04647686345109
54.02001334222815,103.2658454929701,66.03620727201022
54.056037358238825,103.31203799591192,66.02605084064474
54.0920613742495,103.35816858143819,66.01601091963376
54.12808539026017,103.40423547367286,66.00609085065338
54.164109406270846,103.45023690152726,65.99629396637116
54.20013342228152,103.49617109891554,65.98662359004108
54.23615743829219,103.54203630496949,65.9770830350988
54.27218145430287,103.58783076425348,65.96767560475764
54.30820547031354,103.63355272697873,65.9584045916051
54.34422948632421,103.67920044921752,65.94927327719994
54.38025350233489,103.72477219311688,65.94028493167008
54.41627751834556,103.77026622711182,65.9314428133111
54.45230153435624,103.81568082613852,65.92275016818562
54.48832555036691,103.8610142718465,65.91421022972341
54.52434956637758,103.90626485281086,65.90582621832252
54.56037358238826,103.95143086474377,65.8976013409512
54.59639759839893,103.99651061070533,65.88953879075079
54.6324216144096,104.04150240131423,65.88164174663983
54.66844563042028,104.08640455495758,65.87391337291893
54.70446964643095,104.13121539800011,65.86635681887705
54.74049366244162,104.175933264993,65.85897521839881
54.7765176784523,104.22055649888189,65.85177168957289
54.81254169446297,104.26508345121414,65.84474933430197
54.84856571047364,104.30951248234558,65.83791123791381
54.88458972648432,104.35384196164657,65.83126046877369
54.92061374249499,104.39807026770693,65.82480007789823
54.956637758505664,104.44219578854066,65.81853309857075
54.99266177451634,104.4862169217894,65.81246254595816
55.028685790527014,104.53013207492532,65.80659141672916
55.064709806537685,104.57393966545303,65.80092268867433
55.100733822548364,104.61763812111074,65.79545932032771
55.136757838559035,104.6612258800704,65.79020425059004
55.17278185456971,104.70470139113704,65.78516039835375
55.208805870580385,104.74806311394698,65.78033066212994
55.244829886591056,104.79130951916537,65.77571791967677
55.280853902601734,104.83443908868242,65.77132502763014
55.316877918612406,104.87745031580872,65.76715482113605
55.35290193462308,104.92034170546965,65.76321011348494
55.388925950633755,104.96311177439856,65.75949369574826
55.42494996664443,105.0057590513288,65.75600833641674
55.4609739826551,105.0482820771849,65.75275678104104
55.496997998665776,105.09067940527237,65.7497417518745
55.53302201467645,105.13294960146638,65.74696594751798
55.56904603068712,105.17509124439928,65.74443204256707
55.6050700466978,105.217102925647,65.74214268726146
55.64109406270847,105.25898324991392,65.7401005071368
55.67711807871914,105.30073083521691,65.7383081026787
55.71314209472982,105.34234431306766,65.73676804897943
55.74916611074049,105.38382232865398,65.7354828953968
55.78519012675117,105.42516354101966,65.73445516521579
55.82121414276184,105.46636662324298,65.73368735531254
55.85723815877251,105.5074302626139,65.73318193582108
55.89326217478319,105.54835316080971,65.73294134980259
55.92928619079386,105.58913403406953,65.73296801291734
55.96531020680453,105.62977161336698,65.73326431309947
56.00133422281521,105.67026464458175,65.73383261023439
56.03735823882588,105.71061188866935,65.73467523583909
56.07338225483655,105.75081212182974,65.73579449274516
56.10940627084723,105.79086413567401,65.73719265478492
56.1454302868579,105.83076673738975,65.73887196648026
56.18145430286857,105.8705187499048,65.74083464273457
56.21747831887925,105.91011901204942,65.74308286852767
56.25350233488992,105.9495663787167,65.74561879861369
56.289526350900594,105.98885972102148,65.74844455722231
56.32555036691127,106.02799792645763,65.75156223776271
56.361574382921944,106.06697989905336,65.75497390253113
56.397598398932615,106.10580455952532,65.75868158242139
56.433622414943294,106.14447084543045,65.76268727663859
56.469646430953965,106.1829777113164,65.76699295241636
56.50567044696464,106.2213241288701,65.77160054473728
56.541694462975315,106.25950908706454,65.77651195605665
56.577718478985986,106.29753159230381,65.78172905602963
56.613742494996664,106.3353906685661,65.78725368124198
56.649766511007336,106.37308535754514,65.7930876349441
56.68579052701801,106.4106147187895,65.79923268678877
56.721814543028685,106.44797782984034,65.80569057257213
56.75783855903936,106.48517378636681,65.81246299397864
56.79386257505003,106.52220170229997,65.81955161832937
56.829886591060706,106.55906070996443,65.82695807833397
56.86591060707138,106.59574996020824,65.83468397184654
56.90193462308205,106.63226862253072,65.84273086162494
56.93795863909273,106.66861588520831,65.8511002750941
56.9739826551034,106.70479095541833,65.8597937041129
57.01000667111407,106.74079305936085,65.86881260474513
57.04603068712475,106.77662144237843,65.87815839703403
57.08205470313542,106.8122753690737,65.88783246478093
57.11807871914609,106.84775412342513,65.89783615532775
57.15410273515677,106.88305700890037,65.90817077934335
57.19012675116744,106.91818334856765,65.91883761061408
57.22615076717812,106.95313248520512,65.92983788583807
57.26217478318879,106.98790378140782,65.94117280442386
57.29819879919946,107.0224966196927,65.95284352829283
57.33422281521014,107.05691040260137,65.96485118168593
57.37024683122081,107.0911445528005,65.97719685097442
57.40627084723148,107.12519851318042,65.9898815844749
57.44229486324216,107.15907174695099,66.0029063922684
57.47831887925283,107.19276373773559,66.01627224602368
57.5143428952635,107.22627398966277,66.02998007882495
57.55036691127418,107.25960202745551,66.0440307850037
57.58639092728485,107.29274739651835,66.0584252199748
57.622414943295524,107.32570966302211,66.07316420007703
57.6584389593062,107.35848841398641,66.08824850241804
57.694462975316874,107.3910832573597,66.10367886472338
57.730486991327545,107.42349382209717,66.11945598519017
57.766511007338224,107.45571975823619,66.13558052234522
57.802535023348895,107.48776073696926,66.15205309490734
57.838559039359566,107.51961645071489,66.16887428165447
57.874583055370245,107.55128661318584,66.18604462129491
57.910607071380916,107.58277095945502,66.20356461234344
57.946631087391594,107.61406924601911,66.22143471300173
57.982655103402266,107.64518125085957,66.23965534104329
58.01867911941294,107.67610677350132,66.25822687370318
58.054703135423615,107.70684563506903,66.2771496475722
58.09072715143429,107.73739767834081,66.29642395849564
58.12675116744496,107.76776276779961,66.31605006147672
58.162775183455636,107.797940789682,66.33602817058477
58.19879919946631,107.82793165202449,66.35635845886796
58.23482321547698,107.85773528470753,66.37704105827065
58.27084723148766,107.88735163949679,66.39807605955569
58.30687124749833,107.91678069008202,66.41946351223119
58.342895263509,107.94602243211347,66.44120342448215
58.37891927951968,107.97507688323559,66.46329576310684
58.41494329553035,108.00394408311845,66.4857404534579
58.45096731154102,108.03262409348645,66.50853737938823
58.4869913275517,108.06111699814443,66.53168638320167
58.52301534356237,108.08942290300149,66.55518726560854
58.55903935957305,108.11754193609192,66.57903978568592
58.59506337558372,108.14547424759387,66.60324366084284
58.63108739159439,108.17322000984515,66.62779856679016
58.66711140760507,108.2007794173567,66.65270413751554
58.70313542361574,108.22815268682339,66.67795996526306
58.73915943962641,108.25534005713214,66.70356560051776
58.77518345563709,108.28234178936762,66.72952055199525
58.81120747164776,108.30915816681514,66.75582428663583
58.84723148765843,108.33578949496112,66.78247622960397
58.88325550366911,108.36223610149096,66.80947576429223
58.91927951967978,108.38849833628407,66.8368222323305
58.955303535690454,108.41457657140653,66.86451493359992
58.99132755170113,108.44047120110106,66.89255312625171
59.027351567711804,108.46618264177428,66.92093602673113
59.063375583722475,108.4917113319815,66.94966280980617
59.099399599733154,108.51705773240877,66.9787326086013
59.135423615743825,108.54222232585228,67.00814451463609
59.171447631754496,108.56720561719533,67.03789757786879
59.207471647765175,108.5920081333824,67.06799080674499
59.243495663775846,108.61663042339079,67.09842316825095
59.279519679786524,108.64107305819954,67.12919358797211
59.315543695797196,108.66533663075573,67.1603009501566
59.35156771180787,108.68942175593818,67.19174409778341
59.387591727818545,108.71332907051851,67.2235218326358
59.42361574382922,108.73705923311948,67.25563291537954
59.45963975983989,108.76061292417086,67.288076065646
59.495663775850566,108.78399084586252,67.32084996212052
59.53168779186124,108.80719372209506,67.35395324263523
59.56771180787191,108.83022229842757,67.38738450426726
59.60373582388259,108.85307734202306,67.4211423034417
59.63975983989326,108.87575964159102,67.45522515603932
59.67578385590393,108.89827000732748,67.48963153750962
59.71180787191461,108.92060927085251,67.52435988298845
59.74783188792528,108.94277828514493,67.55940858742058
59.78385590393595,108.96477792447462,67.59477600568744
59.81987991994663,108.98660908433207,67.63046045273947
59.8559039359573,109.00827268135538,67.66646020373351
59.89192795196797,109.0297696532547,67.70277349417498
59.92795196797865,109.05110095873408,67.73939852006507
59.96397598398932,109.07226757741063,67.77633343805259
60.0,109.09327050973125,67.81357636559098
